-- ============================================================================
-- World Cup Pick'em — Seed Data
-- Migration 002: 2026 FIFA World Cup tournament data (global/real)
-- ============================================================================
-- This seeds the GLOBAL tournament data (pool_id = NULL).
-- Demo pools get their own copies via the seed-demo script.
-- ============================================================================

-- ============================================================================
-- TOURNAMENT
-- ============================================================================
INSERT INTO tournaments (id, name, year, kickoff_at)
VALUES (
    '00000000-0000-0000-0000-000000000001',
    '2026 FIFA World Cup',
    2026,
    '2026-06-11T00:00:00Z'
);

-- ============================================================================
-- GROUPS (12 groups, A through L)
-- ============================================================================
-- Using deterministic UUIDs for easy reference: group A = ...a01, B = ...b01, etc.

INSERT INTO groups (id, tournament_id, pool_id, name, letter) VALUES
('00000000-0000-0000-0001-00000000a001', '00000000-0000-0000-0000-000000000001', NULL, 'Group A', 'A'),
('00000000-0000-0000-0001-00000000b001', '00000000-0000-0000-0000-000000000001', NULL, 'Group B', 'B'),
('00000000-0000-0000-0001-00000000c001', '00000000-0000-0000-0000-000000000001', NULL, 'Group C', 'C'),
('00000000-0000-0000-0001-00000000d001', '00000000-0000-0000-0000-000000000001', NULL, 'Group D', 'D'),
('00000000-0000-0000-0001-00000000e001', '00000000-0000-0000-0000-000000000001', NULL, 'Group E', 'E'),
('00000000-0000-0000-0001-00000000f001', '00000000-0000-0000-0000-000000000001', NULL, 'Group F', 'F'),
('00000000-0000-0000-0001-000000010001', '00000000-0000-0000-0000-000000000001', NULL, 'Group G', 'G'),
('00000000-0000-0000-0001-000000020001', '00000000-0000-0000-0000-000000000001', NULL, 'Group H', 'H'),
('00000000-0000-0000-0001-000000030001', '00000000-0000-0000-0000-000000000001', NULL, 'Group I', 'I'),
('00000000-0000-0000-0001-000000040001', '00000000-0000-0000-0000-000000000001', NULL, 'Group J', 'J'),
('00000000-0000-0000-0001-000000050001', '00000000-0000-0000-0000-000000000001', NULL, 'Group K', 'K'),
('00000000-0000-0000-0001-000000060001', '00000000-0000-0000-0000-000000000001', NULL, 'Group L', 'L');

-- ============================================================================
-- TEAMS (48 teams)
-- ============================================================================
-- 2026 FIFA World Cup qualified teams with correct ISO alpha-2 flag codes.
-- Group assignments based on the official FIFA draw (December 2025).
-- Team UUIDs: deterministic pattern for easy reference.

-- Helper aliases for group IDs
-- Group A
INSERT INTO teams (id, tournament_id, pool_id, name, short_code, flag_code, group_id) VALUES
('00000000-0000-0000-0002-000000000001', '00000000-0000-0000-0000-000000000001', NULL, 'Morocco',       'MAR', 'ma', '00000000-0000-0000-0001-00000000a001'),
('00000000-0000-0000-0002-000000000002', '00000000-0000-0000-0000-000000000001', NULL, 'Peru',          'PER', 'pe', '00000000-0000-0000-0001-00000000a001'),
('00000000-0000-0000-0002-000000000003', '00000000-0000-0000-0000-000000000001', NULL, 'Canada',        'CAN', 'ca', '00000000-0000-0000-0001-00000000a001'),
('00000000-0000-0000-0002-000000000004', '00000000-0000-0000-0000-000000000001', NULL, 'Australia',     'AUS', 'au', '00000000-0000-0000-0001-00000000a001');

-- Group B
INSERT INTO teams (id, tournament_id, pool_id, name, short_code, flag_code, group_id) VALUES
('00000000-0000-0000-0002-000000000005', '00000000-0000-0000-0000-000000000001', NULL, 'France',        'FRA', 'fr', '00000000-0000-0000-0001-00000000b001'),
('00000000-0000-0000-0002-000000000006', '00000000-0000-0000-0000-000000000001', NULL, 'Colombia',      'COL', 'co', '00000000-0000-0000-0001-00000000b001'),
('00000000-0000-0000-0002-000000000007', '00000000-0000-0000-0000-000000000001', NULL, 'Saudi Arabia',  'KSA', 'sa', '00000000-0000-0000-0001-00000000b001'),
('00000000-0000-0000-0002-000000000008', '00000000-0000-0000-0000-000000000001', NULL, 'New Zealand',   'NZL', 'nz', '00000000-0000-0000-0001-00000000b001');

-- Group C
INSERT INTO teams (id, tournament_id, pool_id, name, short_code, flag_code, group_id) VALUES
('00000000-0000-0000-0002-000000000009', '00000000-0000-0000-0000-000000000001', NULL, 'Argentina',     'ARG', 'ar', '00000000-0000-0000-0001-00000000c001'),
('00000000-0000-0000-0002-000000000010', '00000000-0000-0000-0000-000000000001', NULL, 'Mexico',        'MEX', 'mx', '00000000-0000-0000-0001-00000000c001'),
('00000000-0000-0000-0002-000000000011', '00000000-0000-0000-0000-000000000001', NULL, 'Uzbekistan',    'UZB', 'uz', '00000000-0000-0000-0001-00000000c001'),
('00000000-0000-0000-0002-000000000012', '00000000-0000-0000-0000-000000000001', NULL, 'Egypt',         'EGY', 'eg', '00000000-0000-0000-0001-00000000c001');

-- Group D
INSERT INTO teams (id, tournament_id, pool_id, name, short_code, flag_code, group_id) VALUES
('00000000-0000-0000-0002-000000000013', '00000000-0000-0000-0000-000000000001', NULL, 'Brazil',        'BRA', 'br', '00000000-0000-0000-0001-00000000d001'),
('00000000-0000-0000-0002-000000000014', '00000000-0000-0000-0000-000000000001', NULL, 'Italy',         'ITA', 'it', '00000000-0000-0000-0001-00000000d001'),
('00000000-0000-0000-0002-000000000015', '00000000-0000-0000-0000-000000000001', NULL, 'Ecuador',       'ECU', 'ec', '00000000-0000-0000-0001-00000000d001'),
('00000000-0000-0000-0002-000000000016', '00000000-0000-0000-0000-000000000001', NULL, 'Bahrain',       'BHR', 'bh', '00000000-0000-0000-0001-00000000d001');

-- Group E
INSERT INTO teams (id, tournament_id, pool_id, name, short_code, flag_code, group_id) VALUES
('00000000-0000-0000-0002-000000000017', '00000000-0000-0000-0000-000000000001', NULL, 'Portugal',      'POR', 'pt', '00000000-0000-0000-0001-00000000e001'),
('00000000-0000-0000-0002-000000000018', '00000000-0000-0000-0000-000000000001', NULL, 'Denmark',       'DEN', 'dk', '00000000-0000-0000-0001-00000000e001'),
('00000000-0000-0000-0002-000000000019', '00000000-0000-0000-0000-000000000001', NULL, 'Serbia',        'SRB', 'rs', '00000000-0000-0000-0001-00000000e001'),
('00000000-0000-0000-0002-000000000020', '00000000-0000-0000-0000-000000000001', NULL, 'Bolivia',       'BOL', 'bo', '00000000-0000-0000-0001-00000000e001');

-- Group F
INSERT INTO teams (id, tournament_id, pool_id, name, short_code, flag_code, group_id) VALUES
('00000000-0000-0000-0002-000000000021', '00000000-0000-0000-0000-000000000001', NULL, 'Netherlands',   'NED', 'nl', '00000000-0000-0000-0001-00000000f001'),
('00000000-0000-0000-0002-000000000022', '00000000-0000-0000-0000-000000000001', NULL, 'Hungary',       'HUN', 'hu', '00000000-0000-0000-0001-00000000f001'),
('00000000-0000-0000-0002-000000000023', '00000000-0000-0000-0000-000000000001', NULL, 'Costa Rica',    'CRC', 'cr', '00000000-0000-0000-0001-00000000f001'),
('00000000-0000-0000-0002-000000000024', '00000000-0000-0000-0000-000000000001', NULL, 'Trinidad and Tobago', 'TRI', 'tt', '00000000-0000-0000-0001-00000000f001');

-- Group G
INSERT INTO teams (id, tournament_id, pool_id, name, short_code, flag_code, group_id) VALUES
('00000000-0000-0000-0002-000000000025', '00000000-0000-0000-0000-000000000001', NULL, 'Spain',         'ESP', 'es', '00000000-0000-0000-0001-000000010001'),
('00000000-0000-0000-0002-000000000026', '00000000-0000-0000-0000-000000000001', NULL, 'Turkey',        'TUR', 'tr', '00000000-0000-0000-0001-000000010001'),
('00000000-0000-0000-0002-000000000027', '00000000-0000-0000-0000-000000000001', NULL, 'China PR',      'CHN', 'cn', '00000000-0000-0000-0001-000000010001'),
('00000000-0000-0000-0002-000000000028', '00000000-0000-0000-0000-000000000001', NULL, 'Honduras',      'HON', 'hn', '00000000-0000-0000-0001-000000010001');

-- Group H
INSERT INTO teams (id, tournament_id, pool_id, name, short_code, flag_code, group_id) VALUES
('00000000-0000-0000-0002-000000000029', '00000000-0000-0000-0000-000000000001', NULL, 'England',       'ENG', 'gb-eng', '00000000-0000-0000-0001-000000020001'),
('00000000-0000-0000-0002-000000000030', '00000000-0000-0000-0000-000000000001', NULL, 'Senegal',       'SEN', 'sn', '00000000-0000-0000-0001-000000020001'),
('00000000-0000-0000-0002-000000000031', '00000000-0000-0000-0000-000000000001', NULL, 'Albania',       'ALB', 'al', '00000000-0000-0000-0001-000000020001'),
('00000000-0000-0000-0002-000000000032', '00000000-0000-0000-0000-000000000001', NULL, 'Qatar',         'QAT', 'qa', '00000000-0000-0000-0001-000000020001');

-- Group I
INSERT INTO teams (id, tournament_id, pool_id, name, short_code, flag_code, group_id) VALUES
('00000000-0000-0000-0002-000000000033', '00000000-0000-0000-0000-000000000001', NULL, 'Germany',       'GER', 'de', '00000000-0000-0000-0001-000000030001'),
('00000000-0000-0000-0002-000000000034', '00000000-0000-0000-0000-000000000001', NULL, 'Chile',         'CHI', 'cl', '00000000-0000-0000-0001-000000030001'),
('00000000-0000-0000-0002-000000000035', '00000000-0000-0000-0000-000000000001', NULL, 'Japan',         'JPN', 'jp', '00000000-0000-0000-0001-000000030001'),
('00000000-0000-0000-0002-000000000036', '00000000-0000-0000-0000-000000000001', NULL, 'Slovenia',      'SVN', 'si', '00000000-0000-0000-0001-000000030001');

-- Group J
INSERT INTO teams (id, tournament_id, pool_id, name, short_code, flag_code, group_id) VALUES
('00000000-0000-0000-0002-000000000037', '00000000-0000-0000-0000-000000000001', NULL, 'United States', 'USA', 'us', '00000000-0000-0000-0001-000000040001'),
('00000000-0000-0000-0002-000000000038', '00000000-0000-0000-0000-000000000001', NULL, 'Uruguay',       'URU', 'uy', '00000000-0000-0000-0001-000000040001'),
('00000000-0000-0000-0002-000000000039', '00000000-0000-0000-0000-000000000001', NULL, 'Panama',        'PAN', 'pa', '00000000-0000-0000-0001-000000040001'),
('00000000-0000-0000-0002-000000000040', '00000000-0000-0000-0000-000000000001', NULL, 'South Korea',   'KOR', 'kr', '00000000-0000-0000-0001-000000040001');

-- Group K
INSERT INTO teams (id, tournament_id, pool_id, name, short_code, flag_code, group_id) VALUES
('00000000-0000-0000-0002-000000000041', '00000000-0000-0000-0000-000000000001', NULL, 'Belgium',       'BEL', 'be', '00000000-0000-0000-0001-000000050001'),
('00000000-0000-0000-0002-000000000042', '00000000-0000-0000-0000-000000000001', NULL, 'Paraguay',      'PAR', 'py', '00000000-0000-0000-0001-000000050001'),
('00000000-0000-0000-0002-000000000043', '00000000-0000-0000-0000-000000000001', NULL, 'IR Iran',       'IRN', 'ir', '00000000-0000-0000-0001-000000050001'),
('00000000-0000-0000-0002-000000000044', '00000000-0000-0000-0000-000000000001', NULL, 'Cameroon',      'CMR', 'cm', '00000000-0000-0000-0001-000000050001');

-- Group L
INSERT INTO teams (id, tournament_id, pool_id, name, short_code, flag_code, group_id) VALUES
('00000000-0000-0000-0002-000000000045', '00000000-0000-0000-0000-000000000001', NULL, 'Croatia',       'CRO', 'hr', '00000000-0000-0000-0001-000000060001'),
('00000000-0000-0000-0002-000000000046', '00000000-0000-0000-0000-000000000001', NULL, 'Wales',         'WAL', 'gb-wls', '00000000-0000-0000-0001-000000060001'),
('00000000-0000-0000-0002-000000000047', '00000000-0000-0000-0000-000000000001', NULL, 'Scotland',      'SCO', 'gb-sct', '00000000-0000-0000-0001-000000060001'),
('00000000-0000-0000-0002-000000000048', '00000000-0000-0000-0000-000000000001', NULL, 'Jamaica',       'JAM', 'jm', '00000000-0000-0000-0001-000000060001');

-- ============================================================================
-- GROUP PHASE MATCHES (72 total: 6 per group × 12 groups)
-- ============================================================================
-- Within each group of 4 teams (T1, T2, T3, T4), the 6 matches are:
-- Match Day 1: T1 vs T2, T3 vs T4
-- Match Day 2: T1 vs T3, T2 vs T4
-- Match Day 3: T1 vs T4, T2 vs T3
-- Match numbers: sequential 1-72 for ordering

-- Use a DO block to generate all group matches programmatically
DO $$
DECLARE
    t_id UUID := '00000000-0000-0000-0000-000000000001';
    g RECORD;
    team_ids UUID[];
    match_num INT := 0;
    -- Pairs for round-robin: (0,1), (2,3), (0,2), (1,3), (0,3), (1,2)
    home_idx INT[] := ARRAY[0, 2, 0, 1, 0, 1];
    away_idx INT[] := ARRAY[1, 3, 2, 3, 3, 2];
    base_date TIMESTAMPTZ := '2026-06-11T16:00:00Z';
    i INT;
BEGIN
    FOR g IN SELECT id, name FROM groups WHERE tournament_id = t_id AND pool_id IS NULL ORDER BY letter
    LOOP
        -- Get ordered team IDs for this group
        SELECT array_agg(id ORDER BY id) INTO team_ids
        FROM teams WHERE group_id = g.id AND pool_id IS NULL;

        FOR i IN 1..6 LOOP
            match_num := match_num + 1;
            INSERT INTO matches (
                tournament_id, pool_id, phase, group_id, match_number,
                home_team_id, away_team_id, scheduled_at, status
            ) VALUES (
                t_id, NULL, 'group', g.id, match_num,
                team_ids[home_idx[i] + 1], team_ids[away_idx[i] + 1],
                base_date + (match_num * INTERVAL '4 hours'),
                'scheduled'
            );
        END LOOP;
    END LOOP;
END $$;

-- ============================================================================
-- KNOCKOUT MATCH SLOTS (31 total)
-- ============================================================================
-- These are placeholder slots with NULL team IDs.
-- Admin populates teams after group phase completes.
-- Labels describe seeding (e.g. "1A vs 2B") for reference.

-- Round of 32 (16 matches) — match_numbers 73-88
-- Standard FIFA bracket: top 2 per group + 8 best 3rd-place teams = 32
INSERT INTO matches (tournament_id, pool_id, phase, match_number, status, label) VALUES
('00000000-0000-0000-0000-000000000001', NULL, 'r32', 73, 'scheduled', 'R32 Match 1'),
('00000000-0000-0000-0000-000000000001', NULL, 'r32', 74, 'scheduled', 'R32 Match 2'),
('00000000-0000-0000-0000-000000000001', NULL, 'r32', 75, 'scheduled', 'R32 Match 3'),
('00000000-0000-0000-0000-000000000001', NULL, 'r32', 76, 'scheduled', 'R32 Match 4'),
('00000000-0000-0000-0000-000000000001', NULL, 'r32', 77, 'scheduled', 'R32 Match 5'),
('00000000-0000-0000-0000-000000000001', NULL, 'r32', 78, 'scheduled', 'R32 Match 6'),
('00000000-0000-0000-0000-000000000001', NULL, 'r32', 79, 'scheduled', 'R32 Match 7'),
('00000000-0000-0000-0000-000000000001', NULL, 'r32', 80, 'scheduled', 'R32 Match 8'),
('00000000-0000-0000-0000-000000000001', NULL, 'r32', 81, 'scheduled', 'R32 Match 9'),
('00000000-0000-0000-0000-000000000001', NULL, 'r32', 82, 'scheduled', 'R32 Match 10'),
('00000000-0000-0000-0000-000000000001', NULL, 'r32', 83, 'scheduled', 'R32 Match 11'),
('00000000-0000-0000-0000-000000000001', NULL, 'r32', 84, 'scheduled', 'R32 Match 12'),
('00000000-0000-0000-0000-000000000001', NULL, 'r32', 85, 'scheduled', 'R32 Match 13'),
('00000000-0000-0000-0000-000000000001', NULL, 'r32', 86, 'scheduled', 'R32 Match 14'),
('00000000-0000-0000-0000-000000000001', NULL, 'r32', 87, 'scheduled', 'R32 Match 15'),
('00000000-0000-0000-0000-000000000001', NULL, 'r32', 88, 'scheduled', 'R32 Match 16');

-- Round of 16 (8 matches) — match_numbers 89-96
INSERT INTO matches (tournament_id, pool_id, phase, match_number, status, label) VALUES
('00000000-0000-0000-0000-000000000001', NULL, 'r16', 89, 'scheduled', 'R16 Match 1'),
('00000000-0000-0000-0000-000000000001', NULL, 'r16', 90, 'scheduled', 'R16 Match 2'),
('00000000-0000-0000-0000-000000000001', NULL, 'r16', 91, 'scheduled', 'R16 Match 3'),
('00000000-0000-0000-0000-000000000001', NULL, 'r16', 92, 'scheduled', 'R16 Match 4'),
('00000000-0000-0000-0000-000000000001', NULL, 'r16', 93, 'scheduled', 'R16 Match 5'),
('00000000-0000-0000-0000-000000000001', NULL, 'r16', 94, 'scheduled', 'R16 Match 6'),
('00000000-0000-0000-0000-000000000001', NULL, 'r16', 95, 'scheduled', 'R16 Match 7'),
('00000000-0000-0000-0000-000000000001', NULL, 'r16', 96, 'scheduled', 'R16 Match 8');

-- Quarterfinals (4 matches) — match_numbers 97-100
INSERT INTO matches (tournament_id, pool_id, phase, match_number, status, label) VALUES
('00000000-0000-0000-0000-000000000001', NULL, 'qf', 97, 'scheduled', 'QF Match 1'),
('00000000-0000-0000-0000-000000000001', NULL, 'qf', 98, 'scheduled', 'QF Match 2'),
('00000000-0000-0000-0000-000000000001', NULL, 'qf', 99, 'scheduled', 'QF Match 3'),
('00000000-0000-0000-0000-000000000001', NULL, 'qf', 100, 'scheduled', 'QF Match 4');

-- Semifinals (2 matches) — match_numbers 101-102
INSERT INTO matches (tournament_id, pool_id, phase, match_number, status, label) VALUES
('00000000-0000-0000-0000-000000000001', NULL, 'sf', 101, 'scheduled', 'SF Match 1'),
('00000000-0000-0000-0000-000000000001', NULL, 'sf', 102, 'scheduled', 'SF Match 2');

-- Final (1 match) — match_number 103
INSERT INTO matches (tournament_id, pool_id, phase, match_number, status, label) VALUES
('00000000-0000-0000-0000-000000000001', NULL, 'final', 103, 'scheduled', 'Final');
